Workbook
Name table2: Sheet3!$A$1

Sheet GSCENARIO
A1: Time | B1: Ion Number Density | C1: Debris Ion Number Density | D1: Electron Number Density | E1: Neutral Number Density | F1: Ion Temperature | G1: Neutral Temperature | H1: Electron Temperature
A2: 0 | B2: =500000000 -> 500000000 | C2: 621 | D2: 695000000 | E2: =23000000000+375000000000 -> 398000000000 | F2: 136000 | G2: 136000 | H2: 3320000
A3: 0.01 | B3: =500000000 -> 500000000 | C3: 621 | D3: 1000000000 | E3: =23000000000+375000000000 -> 398000000000 | F3: 136000 | G3: 136000 | H3: 311000
A4: 0.05 | B4: =500000000 -> 500000000 | C4: 621 | D4: 1000000000 | E4: =23000000000+375000000000 -> 398000000000 | F4: 136000 | G4: 136000 | H4: 292000
A5: 0.1 | B5: =500000000 -> 500000000 | C5: 621 | D5: 1000000000 | E5: =23000000000+375000000000 -> 398000000000 | F5: 136000 | G5: 136000 | H5: 272000
A6: 0.3 | B6: =500000000 -> 500000000 | C6: 621 | D6: 1000000000 | E6: =23000000000+375000000000 -> 398000000000 | F6: 136000 | G6: 136000 | H6: 260000
A7: 0.5 | B7: =500000000 -> 500000000 | C7: 621 | D7: 1000000000 | E7: =23000000000+375000000000 -> 398000000000 | F7: 136000 | G7: 136000 | H7: 243000
A8: 1 | B8: =500000000 -> 500000000 | C8: 628 | D8: 1000000000 | E8: =23000000000+375000000000 -> 398000000000 | F8: 136000 | G8: 136000 | H8: 220000
A9: 2 | B9: =500000000 -> 500000000 | C9: 641 | D9: 1000000000 | E9: =23000000000+375000000000 -> 398000000000 | F9: 136000 | G9: 136000 | H9: 100000
A10: 3 | B10: =500000000 -> 500000000 | C10: 662 | D10: 1000000000 | E10: =23000000000+375000000000 -> 398000000000 | F10: 136000 | G10: 136000 | H10: 100000
A11: 4 | B11: =500000000 -> 500000000 | C11: 687 | D11: 1000000000 | E11: =23000000000+375000000000 -> 398000000000 | F11: 136000 | G11: 136000 | H11: 100000
A12: 5 | B12: =500000000 -> 500000000 | C12: 717 | D12: 1000000000 | E12: =23000000000+375000000000 -> 398000000000 | F12: 136000 | G12: 136000 | H12: 100000
A13: 6 | B13: =500000000 -> 500000000 | C13: 750 | D13: 1000000000 | E13: =23000000000+375000000000 -> 398000000000 | F13: 136000 | G13: 136000 | H13: 100000
... A17: 10 | B17: =500000000 -> 500000000 | C17: 814 | D17: 1000000000 | E17: =23000000000+375000000000 -> 398000000000 | F17: 136000 | G17: 136000 | H17: 100000

Sheet Derived
A1: Time | B1: Debris Ion Gyrofrequency | C1: Debris Ion Plasma Frequency | D1: Electron Gyrofrequency | E1: Electron Plasma Frequency | F1: Debris Ion Gyroradius | G1: Electron Gyroradius | H1: Electron-Electron Collision Frequency | I1: Ion-Ion Collision Frequency | J1: Electron-Neutral Frequency | K1: Ion-Neutral Collision Frequency | L1: Debye Length | M1: Coulomb Logarithm | N1: Electron Thermal Velocity | O1: Debris Ion Thermal Veolcity | P1: Alfven Velocity | Q1: Plasma Beta | R1: Electron Mean Free Path (Collisions) | S1: Ion Mean Free Path (Collisions) | T1: Parallel Viscosity | U1: Perpendicular Viscosity | V1: Parallel Reynolds Number | W1: Perpendicular Reynolds Number
A2: 0 | B2: =9580*(100/100)*0.3 -> 2874 | C2: =1320*100*(GSCENARIO!C2/100)^(1/2) -> 328942.3 | D2: =17600000*0.3 -> 5280000 | E2: =56400*SQRT(GSCENARIO!D2) -> 1.4868649e+09 | F2: =102*(100*GSCENARIO!F2)^(1/2) / (100*0.3) -> 12538.58 | G2: =(2.38/0.3)*GSCENARIO!H2^(1/2) -> 14455.221 | H2: =0.00000291*GSCENARIO!D2*GSCENARIO!H2^(-3/2) *Derived!M2 -> 1.5572568e-06 | I2: =0.000000048*(100)^4 * GSCENARIO!C2*Derived!M2*(GSCENARIO!F2^3 * 100)^(-1/2) -> 2.7683057e-05 | J2: =GSCENARIO!E2*(4*PI()*(0.0000000000001)^2)*41900000*GSCENARIO!H2^(1/2) -> 0.0038183523 | K2: =GSCENARIO!E2*(4*PI()*(0.0000000000001)^2)*979000*(GSCENARIO!F2/100)^(1/2) -> 1.8056979e-06 | L2: =743*(GSCENARIO!H2/GSCENARIO!D2)^(1/2) -> 51.352957 | M2: =LOG(L2/(GSCENARIO!D2)^(-1/3)) -> 4.6578937 | N2: =41900000*GSCENARIO!H2^(1/2) -> 7.6345433e+10 | O2: =979000*(GSCENARIO!F2/100)^(1/2) -> 36103736 | P2: =218000000000*0.3*(100*GSCENARIO!B2)^(-1/2) -> 292477.69 | Q2: =0.0000000000403*GSCENARIO!D2*GSCENARIO!H2/(0.3)^2 -> 1033202.4 | R2: =N2/J2 -> 1.999434e+13 | S2: =O2/K2 -> 1.999434e+13 | T2: =(1/3)*S2*O2 -> 2.4062345e+20 | U2: =(F2^2)*K2 -> 283.88459 | V2: =(200000000)*(10000000)/T2 -> 8.3117417e-06 | W2: =(200000000)*(10000000)/U2 -> 7.0451164e+12
A3: 0.01 | B3: =9580*(100/100)*0.3 -> 2874 | C3: =1320*100*(GSCENARIO!C3/100)^(1/2) -> 328942.3 | D3: =17600000*0.3 -> 5280000 | E3: =56400*SQRT(GSCENARIO!D3) -> 1.7835246e+09 | F3: =102*(100*GSCENARIO!F3)^(1/2) / (100*0.3) -> 12538.58 | G3: =(2.38/0.3)*GSCENARIO!H3^(1/2) -> 4424.2117 | H3: =0.00000291*GSCENARIO!D3*GSCENARIO!H3^(-3/2) *Derived!M3 -> 6.908316e-05 | I3: =0.000000048*(100)^4 * GSCENARIO!C3*Derived!M3*(GSCENARIO!F3^3 * 100)^(-1/2) -> 2.447058e-05 | J3: =GSCENARIO!E3*(4*PI()*(0.0000000000001)^2)*41900000*GSCENARIO!H3^(1/2) -> 0.0011686572 | K3: =GSCENARIO!E3*(4*PI()*(0.0000000000001)^2)*979000*(GSCENARIO!F3/100)^(1/2) -> 1.8056979e-06 | L3: =743*(GSCENARIO!H3/GSCENARIO!D3)^(1/2) -> 13.102948 | M3: =LOG(L3/(GSCENARIO!D3)^(-1/3)) -> 4.117369 | N3: =41900000*GSCENARIO!H3^(1/2) -> 2.336653e+10 | O3: =979000*(GSCENARIO!F3/100)^(1/2) -> 36103736 | P3: =218000000000*0.3*(100*GSCENARIO!B3)^(-1/2) -> 292477.69 | Q3: =0.0000000000403*GSCENARIO!D3*GSCENARIO!H3/(0.3)^2 -> 139258.89 | R3: =N3/J3 -> 1.999434e+13 | S3: =O3/K3 -> 1.999434e+13 | T3: =(1/3)*S3*O3 -> 2.4062345e+20 | U3: =(F3^2)*K3 -> 283.88459 | V3: =(200000000)*(10000000)/T3 -> 8.3117417e-06 | W3: =(200000000)*(10000000)/U3 -> 7.0451164e+12
A4: 0.05 | B4: =9580*(100/100)*0.3 -> 2874 | C4: =1320*100*(GSCENARIO!C4/100)^(1/2) -> 328942.3 | D4: =17600000*0.3 -> 5280000 | E4: =56400*SQRT(GSCENARIO!D4) -> 1.7835246e+09 | F4: =102*(100*GSCENARIO!F4)^(1/2) / (100*0.3) -> 12538.58 | G4: =(2.38/0.3)*GSCENARIO!H4^(1/2) -> 4286.9373 | H4: =0.00000291*GSCENARIO!D4*GSCENARIO!H4^(-3/2) *Derived!M4 -> 7.5681935e-05 | I4: =0.000000048*(100)^4 * GSCENARIO!C4*Derived!M4*(GSCENARIO!F4^3 * 100)^(-1/2) -> 2.4389224e-05 | J4: =GSCENARIO!E4*(4*PI()*(0.0000000000001)^2)*41900000*GSCENARIO!H4^(1/2) -> 0.0011323962 | K4: =GSCENARIO!E4*(4*PI()*(0.0000000000001)^2)*979000*(GSCENARIO!F4/100)^(1/2) -> 1.8056979e-06 | L4: =743*(GSCENARIO!H4/GSCENARIO!D4)^(1/2) -> 12.69639 | M4: =LOG(L4/(GSCENARIO!D4)^(-1/3)) -> 4.1036802 | N4: =41900000*GSCENARIO!H4^(1/2) -> 2.2641513e+10 | O4: =979000*(GSCENARIO!F4/100)^(1/2) -> 36103736 | P4: =218000000000*0.3*(100*GSCENARIO!B4)^(-1/2) -> 292477.69 | Q4: =0.0000000000403*GSCENARIO!D4*GSCENARIO!H4/(0.3)^2 -> 130751.11 | R4: =N4/J4 -> 1.999434e+13 | S4: =O4/K4 -> 1.999434e+13 | T4: =(1/3)*S4*O4 -> 2.4062345e+20 | U4: =(F4^2)*K4 -> 283.88459 | V4: =(200000000)*(10000000)/T4 -> 8.3117417e-06 | W4: =(200000000)*(10000000)/U4 -> 7.0451164e+12
A5: 0.1 | B5: =9580*(100/100)*0.3 -> 2874 | C5: =1320*100*(GSCENARIO!C5/100)^(1/2) -> 328942.3 | D5: =17600000*0.3 -> 5280000 | E5: =56400*SQRT(GSCENARIO!D5) -> 1.7835246e+09 | F5: =102*(100*GSCENARIO!F5)^(1/2) / (100*0.3) -> 12538.58 | G5: =(2.38/0.3)*GSCENARIO!H5^(1/2) -> 4137.5205 | H5: =0.00000291*GSCENARIO!D5*GSCENARIO!H5^(-3/2) *Derived!M5 -> 8.3864768e-05 | I5: =0.000000048*(100)^4 * GSCENARIO!C5*Derived!M5*(GSCENARIO!F5^3 * 100)^(-1/2) -> 2.4297657e-05 | J5: =GSCENARIO!E5*(4*PI()*(0.0000000000001)^2)*41900000*GSCENARIO!H5^(1/2) -> 0.0010929276 | K5: =GSCENARIO!E5*(4*PI()*(0.0000000000001)^2)*979000*(GSCENARIO!F5/100)^(1/2) -> 1.8056979e-06 | L5: =743*(GSCENARIO!H5/GSCENARIO!D5)^(1/2) -> 12.25387 | M5: =LOG(L5/(GSCENARIO!D5)^(-1/3)) -> 4.0882733 | N5: =41900000*GSCENARIO!H5^(1/2) -> 2.1852366e+10 | O5: =979000*(GSCENARIO!F5/100)^(1/2) -> 36103736 | P5: =218000000000*0.3*(100*GSCENARIO!B5)^(-1/2) -> 292477.69 | Q5: =0.0000000000403*GSCENARIO!D5*GSCENARIO!H5/(0.3)^2 -> 121795.56 | R5: =N5/J5 -> 1.999434e+13 | S5: =O5/K5 -> 1.999434e+13 | T5: =(1/3)*S5*O5 -> 2.4062345e+20 | U5: =(F5^2)*K5 -> 283.88459 | V5: =(200000000)*(10000000)/T5 -> 8.3117417e-06 | W5: =(200000000)*(10000000)/U5 -> 7.0451164e+12
A6: 0.3 | B6: =9580*(100/100)*0.3 -> 2874 | C6: =1320*100*(GSCENARIO!C6/100)^(1/2) -> 328942.3 | D6: =17600000*0.3 -> 5280000 | E6: =56400*SQRT(GSCENARIO!D6) -> 1.7835246e+09 | F6: =102*(100*GSCENARIO!F6)^(1/2) / (100*0.3) -> 12538.58 | G6: =(2.38/0.3)*GSCENARIO!H6^(1/2) -> 4045.2221 | H6: =0.00000291*GSCENARIO!D6*GSCENARIO!H6^(-3/2) *Derived!M6 -> 8.9522216e-05 | I6: =0.000000048*(100)^4 * GSCENARIO!C6*Derived!M6*(GSCENARIO!F6^3 * 100)^(-1/2) -> 2.4239426e-05 | J6: =GSCENARIO!E6*(4*PI()*(0.0000000000001)^2)*41900000*GSCENARIO!H6^(1/2) -> 0.001068547 | K6: =GSCENARIO!E6*(4*PI()*(0.0000000000001)^2)*979000*(GSCENARIO!F6/100)^(1/2) -> 1.8056979e-06 | L6: =743*(GSCENARIO!H6/GSCENARIO!D6)^(1/2) -> 11.980515 | M6: =LOG(L6/(GSCENARIO!D6)^(-1/3)) -> 4.0784755 | N6: =41900000*GSCENARIO!H6^(1/2) -> 2.1364892e+10 | O6: =979000*(GSCENARIO!F6/100)^(1/2) -> 36103736 | P6: =218000000000*0.3*(100*GSCENARIO!B6)^(-1/2) -> 292477.69 | Q6: =0.0000000000403*GSCENARIO!D6*GSCENARIO!H6/(0.3)^2 -> 116422.22 | R6: =N6/J6 -> 1.999434e+13 | S6: =O6/K6 -> 1.999434e+13 | T6: =(1/3)*S6*O6 -> 2.4062345e+20 | U6: =(F6^2)*K6 -> 283.88459 | V6: =(200000000)*(10000000)/T6 -> 8.3117417e-06 | W6: =(200000000)*(10000000)/U6 -> 7.0451164e+12
A7: 0.5 | B7: =9580*(100/100)*0.3 -> 2874 | C7: =1320*100*(GSCENARIO!C7/100)^(1/2) -> 328942.3 | D7: =17600000*0.3 -> 5280000 | E7: =56400*SQRT(GSCENARIO!D7) -> 1.7835246e+09 | F7: =102*(100*GSCENARIO!F7)^(1/2) / (100*0.3) -> 12538.58 | G7: =(2.38/0.3)*GSCENARIO!H7^(1/2) -> 3910.7391 | H7: =0.00000291*GSCENARIO!D7*GSCENARIO!H7^(-3/2) *Derived!M7 -> 9.872225e-05 | I7: =0.000000048*(100)^4 * GSCENARIO!C7*Derived!M7*(GSCENARIO!F7^3 * 100)^(-1/2) -> 2.4152158e-05 | J7: =GSCENARIO!E7*(4*PI()*(0.0000000000001)^2)*41900000*GSCENARIO!H7^(1/2) -> 0.0010330232 | K7: =GSCENARIO!E7*(4*PI()*(0.0000000000001)^2)*979000*(GSCENARIO!F7/100)^(1/2) -> 1.8056979e-06 | L7: =743*(GSCENARIO!H7/GSCENARIO!D7)^(1/2) -> 11.582224 | M7: =LOG(L7/(GSCENARIO!D7)^(-1/3)) -> 4.063792 | N7: =41900000*GSCENARIO!H7^(1/2) -> 2.0654618e+10 | O7: =979000*(GSCENARIO!F7/100)^(1/2) -> 36103736 | P7: =218000000000*0.3*(100*GSCENARIO!B7)^(-1/2) -> 292477.69 | Q7: =0.0000000000403*GSCENARIO!D7*GSCENARIO!H7/(0.3)^2 -> 108810 | R7: =N7/J7 -> 1.999434e+13 | S7: =O7/K7 -> 1.999434e+13 | T7: =(1/3)*S7*O7 -> 2.4062345e+20 | U7: =(F7^2)*K7 -> 283.88459 | V7: =(200000000)*(10000000)/T7 -> 8.3117417e-06 | W7: =(200000000)*(10000000)/U7 -> 7.0451164e+12
A8: 1 | B8: =9580*(100/100)*0.3 -> 2874 | C8: =1320*100*(GSCENARIO!C8/100)^(1/2) -> 330791.05 | D8: =17600000*0.3 -> 5280000 | E8: =56400*SQRT(GSCENARIO!D8) -> 1.7835246e+09 | F8: =102*(100*GSCENARIO!F8)^(1/2) / (100*0.3) -> 12538.58 | G8: =(2.38/0.3)*GSCENARIO!H8^(1/2) -> 3721.0632 | H8: =0.00000291*GSCENARIO!D8*GSCENARIO!H8^(-3/2) *Derived!M8 -> 0.00011399263 | I8: =0.000000048*(100)^4 * GSCENARIO!C8*Derived!M8*(GSCENARIO!F8^3 * 100)^(-1/2) -> 2.4294632e-05 | J8: =GSCENARIO!E8*(4*PI()*(0.0000000000001)^2)*41900000*GSCENARIO!H8^(1/2) -> 0.00098292029 | K8: =GSCENARIO!E8*(4*PI()*(0.0000000000001)^2)*979000*(GSCENARIO!F8/100)^(1/2) -> 1.8056979e-06 | L8: =743*(GSCENARIO!H8/GSCENARIO!D8)^(1/2) -> 11.020471 | M8: =LOG(L8/(GSCENARIO!D8)^(-1/3)) -> 4.0422002 | N8: =41900000*GSCENARIO!H8^(1/2) -> 1.9652842e+10 | O8: =979000*(GSCENARIO!F8/100)^(1/2) -> 36103736 | P8: =218000000000*0.3*(100*GSCENARIO!B8)^(-1/2) -> 292477.69 | Q8: =0.0000000000403*GSCENARIO!D8*GSCENARIO!H8/(0.3)^2 -> 98511.111 | R8: =N8/J8 -> 1.999434e+13 | S8: =O8/K8 -> 1.999434e+13 | T8: =(1/3)*S8*O8 -> 2.4062345e+20 | U8: =(F8^2)*K8 -> 283.88459 | V8: =(200000000)*(10000000)/T8 -> 8.3117417e-06 | W8: =(200000000)*(10000000)/U8 -> 7.0451164e+12
A9: 2 | B9: =9580*(100/100)*0.3 -> 2874 | C9: =1320*100*(GSCENARIO!C9/100)^(1/2) -> 334197.31 | D9: =17600000*0.3 -> 5280000 | E9: =56400*SQRT(GSCENARIO!D9) -> 1.7835246e+09 | F9: =102*(100*GSCENARIO!F9)^(1/2) / (100*0.3) -> 12538.58 | G9: =(2.38/0.3)*GSCENARIO!H9^(1/2) -> 2508.7403 | H9: =0.00000291*GSCENARIO!D9*GSCENARIO!H9^(-3/2) *Derived!M9 -> 0.00035621722 | I9: =0.000000048*(100)^4 * GSCENARIO!C9*Derived!M9*(GSCENARIO!F9^3 * 100)^(-1/2) -> 2.3747222e-05 | J9: =GSCENARIO!E9*(4*PI()*(0.0000000000001)^2)*41900000*GSCENARIO!H9^(1/2) -> 0.00066268472 | K9: =GSCENARIO!E9*(4*PI()*(0.0000000000001)^2)*979000*(GSCENARIO!F9/100)^(1/2) -> 1.8056979e-06 | L9: =743*(GSCENARIO!H9/GSCENARIO!D9)^(1/2) -> 7.43 | M9: =LOG(L9/(GSCENARIO!D9)^(-1/3)) -> 3.8709888 | N9: =41900000*GSCENARIO!H9^(1/2) -> 1.3249943e+10 | O9: =979000*(GSCENARIO!F9/100)^(1/2) -> 36103736 | P9: =218000000000*0.3*(100*GSCENARIO!B9)^(-1/2) -> 292477.69 | Q9: =0.0000000000403*GSCENARIO!D9*GSCENARIO!H9/(0.3)^2 -> 44777.778 | R9: =N9/J9 -> 1.999434e+13 | S9: =O9/K9 -> 1.999434e+13 | T9: =(1/3)*S9*O9 -> 2.4062345e+20 | U9: =(F9^2)*K9 -> 283.88459 | V9: =(200000000)*(10000000)/T9 -> 8.3117417e-06 | W9: =(200000000)*(10000000)/U9 -> 7.0451164e+12
A10: 3 | B10: =9580*(100/100)*0.3 -> 2874 | C10: =1320*100*(GSCENARIO!C10/100)^(1/2) -> 339627.56 | D10: =17600000*0.3 -> 5280000 | E10: =56400*SQRT(GSCENARIO!D10) -> 1.7835246e+09 | F10: =102*(100*GSCENARIO!F10)^(1/2) / (100*0.3) -> 12538.58 | G10: =(2.38/0.3)*GSCENARIO!H10^(1/2) -> 2508.7403 | H10: =0.00000291*GSCENARIO!D10*GSCENARIO!H10^(-3/2) *Derived!M10 -> 0.00035621722 | I10: =0.000000048*(100)^4 * GSCENARIO!C10*Derived!M10*(GSCENARIO!F10^3 * 100)^(-1/2) -> 2.4525213e-05 | J10: =GSCENARIO!E10*(4*PI()*(0.0000000000001)^2)*41900000*GSCENARIO!H10^(1/2) -> 0.00066268472 | K10: =GSCENARIO!E10*(4*PI()*(0.0000000000001)^2)*979000*(GSCENARIO!F10/100)^(1/2) -> 1.8056979e-06 | L10: =743*(GSCENARIO!H10/GSCENARIO!D10)^(1/2) -> 7.43 | M10: =LOG(L10/(GSCENARIO!D10)^(-1/3)) -> 3.8709888 | N10: =41900000*GSCENARIO!H10^(1/2) -> 1.3249943e+10 | O10: =979000*(GSCENARIO!F10/100)^(1/2) -> 36103736 | P10: =218000000000*0.3*(100*GSCENARIO!B10)^(-1/2) -> 292477.69 | Q10: =0.0000000000403*GSCENARIO!D10*GSCENARIO!H10/(0.3)^2 -> 44777.778 | R10: =N10/J10 -> 1.999434e+13 | S10: =O10/K10 -> 1.999434e+13 | T10: =(1/3)*S10*O10 -> 2.4062345e+20 | U10: =(F10^2)*K10 -> 283.88459 | V10: =(200000000)*(10000000)/T10 -> 8.3117417e-06 | W10: =(200000000)*(10000000)/U10 -> 7.0451164e+12
A11: 4 | B11: =9580*(100/100)*0.3 -> 2874 | C11: =1320*100*(GSCENARIO!C11/100)^(1/2) -> 345981.04 | D11: =17600000*0.3 -> 5280000 | E11: =56400*SQRT(GSCENARIO!D11) -> 1.7835246e+09 | F11: =102*(100*GSCENARIO!F11)^(1/2) / (100*0.3) -> 12538.58 | G11: =(2.38/0.3)*GSCENARIO!H11^(1/2) -> 2508.7403 | H11: =0.00000291*GSCENARIO!D11*GSCENARIO!H11^(-3/2) *Derived!M11 -> 0.00035621722 | I11: =0.000000048*(100)^4 * GSCENARIO!C11*Derived!M11*(GSCENARIO!F11^3 * 100)^(-1/2) -> 2.5451391e-05 | J11: =GSCENARIO!E11*(4*PI()*(0.0000000000001)^2)*41900000*GSCENARIO!H11^(1/2) -> 0.00066268472 | K11: =GSCENARIO!E11*(4*PI()*(0.0000000000001)^2)*979000*(GSCENARIO!F11/100)^(1/2) -> 1.8056979e-06 | L11: =743*(GSCENARIO!H11/GSCENARIO!D11)^(1/2) -> 7.43 | M11: =LOG(L11/(GSCENARIO!D11)^(-1/3)) -> 3.8709888 | N11: =41900000*GSCENARIO!H11^(1/2) -> 1.3249943e+10 | O11: =979000*(GSCENARIO!F11/100)^(1/2) -> 36103736 | P11: =218000000000*0.3*(100*GSCENARIO!B11)^(-1/2) -> 292477.69 | Q11: =0.0000000000403*GSCENARIO!D11*GSCENARIO!H11/(0.3)^2 -> 44777.778 | R11: =N11/J11 -> 1.999434e+13 | S11: =O11/K11 -> 1.999434e+13 | T11: =(1/3)*S11*O11 -> 2.4062345e+20 | U11: =(F11^2)*K11 -> 283.88459 | V11: =(200000000)*(10000000)/T11 -> 8.3117417e-06 | W11: =(200000000)*(10000000)/U11 -> 7.0451164e+12
A12: 5 | B12: =9580*(100/100)*0.3 -> 2874 | C12: =1320*100*(GSCENARIO!C12/100)^(1/2) -> 353454.49 | D12: =17600000*0.3 -> 5280000 | E12: =56400*SQRT(GSCENARIO!D12) -> 1.7835246e+09 | F12: =102*(100*GSCENARIO!F12)^(1/2) / (100*0.3) -> 12538.58 | G12: =(2.38/0.3)*GSCENARIO!H12^(1/2) -> 2508.7403 | H12: =0.00000291*GSCENARIO!D12*GSCENARIO!H12^(-3/2) *Derived!M12 -> 0.00035621722 | I12: =0.000000048*(100)^4 * GSCENARIO!C12*Derived!M12*(GSCENARIO!F12^3 * 100)^(-1/2) -> 2.6562806e-05 | J12: =GSCENARIO!E12*(4*PI()*(0.0000000000001)^2)*41900000*GSCENARIO!H12^(1/2) -> 0.00066268472 | K12: =GSCENARIO!E12*(4*PI()*(0.0000000000001)^2)*979000*(GSCENARIO!F12/100)^(1/2) -> 1.8056979e-06 | L12: =743*(GSCENARIO!H12/GSCENARIO!D12)^(1/2) -> 7.43 | M12: =LOG(L12/(GSCENARIO!D12)^(-1/3)) -> 3.8709888 | N12: =41900000*GSCENARIO!H12^(1/2) -> 1.3249943e+10 | O12: =979000*(GSCENARIO!F12/100)^(1/2) -> 36103736 | P12: =218000000000*0.3*(100*GSCENARIO!B12)^(-1/2) -> 292477.69 | Q12: =0.0000000000403*GSCENARIO!D12*GSCENARIO!H12/(0.3)^2 -> 44777.778 | R12: =N12/J12 -> 1.999434e+13 | S12: =O12/K12 -> 1.999434e+13 | T12: =(1/3)*S12*O12 -> 2.4062345e+20 | U12: =(F12^2)*K12 -> 283.88459 | V12: =(200000000)*(10000000)/T12 -> 8.3117417e-06 | W12: =(200000000)*(10000000)/U12 -> 7.0451164e+12
A13: 6 | B13: =9580*(100/100)*0.3 -> 2874 | C13: =1320*100*(GSCENARIO!C13/100)^(1/2) -> 361496.89 | D13: =17600000*0.3 -> 5280000 | E13: =56400*SQRT(GSCENARIO!D13) -> 1.7835246e+09 | F13: =102*(100*GSCENARIO!F13)^(1/2) / (100*0.3) -> 12538.58 | G13: =(2.38/0.3)*GSCENARIO!H13^(1/2) -> 2508.7403 | H13: =0.00000291*GSCENARIO!D13*GSCENARIO!H13^(-3/2) *Derived!M13 -> 0.00035621722 | I13: =0.000000048*(100)^4 * GSCENARIO!C13*Derived!M13*(GSCENARIO!F13^3 * 100)^(-1/2) -> 2.7785362e-05 | J13: =GSCENARIO!E13*(4*PI()*(0.0000000000001)^2)*41900000*GSCENARIO!H13^(1/2) -> 0.00066268472 | K13: =GSCENARIO!E13*(4*PI()*(0.0000000000001)^2)*979000*(GSCENARIO!F13/100)^(1/2) -> 1.8056979e-06 | L13: =743*(GSCENARIO!H13/GSCENARIO!D13)^(1/2) -> 7.43 | M13: =LOG(L13/(GSCENARIO!D13)^(-1/3)) -> 3.8709888 | N13: =41900000*GSCENARIO!H13^(1/2) -> 1.3249943e+10 | O13: =979000*(GSCENARIO!F13/100)^(1/2) -> 36103736 | P13: =218000000000*0.3*(100*GSCENARIO!B13)^(-1/2) -> 292477.69 | Q13: =0.0000000000403*GSCENARIO!D13*GSCENARIO!H13/(0.3)^2 -> 44777.778 | R13: =N13/J13 -> 1.999434e+13 | S13: =O13/K13 -> 1.999434e+13 | T13: =(1/3)*S13*O13 -> 2.4062345e+20 | U13: =(F13^2)*K13 -> 283.88459 | V13: =(200000000)*(10000000)/T13 -> 8.3117417e-06 | W13: =(200000000)*(10000000)/U13 -> 7.0451164e+12
... A17: 10 | B17: =9580*(100/100)*0.3 -> 2874 | C17: =1320*100*(GSCENARIO!C17/100)^(1/2) -> 376605.05 | D17: =17600000*0.3 -> 5280000 | E17: =56400*SQRT(GSCENARIO!D17) -> 1.7835246e+09 | F17: =102*(100*GSCENARIO!F17)^(1/2) / (100*0.3) -> 12538.58 | G17: =(2.38/0.3)*GSCENARIO!H17^(1/2) -> 2508.7403 | H17: =0.00000291*GSCENARIO!D17*GSCENARIO!H17^(-3/2) *Derived!M17 -> 0.00035621722 | I17: =0.000000048*(100)^4 * GSCENARIO!C17*Derived!M17*(GSCENARIO!F17^3 * 100)^(-1/2) -> 3.0156379e-05 | J17: =GSCENARIO!E17*(4*PI()*(0.0000000000001)^2)*41900000*GSCENARIO!H17^(1/2) -> 0.00066268472 | K17: =GSCENARIO!E17*(4*PI()*(0.0000000000001)^2)*979000*(GSCENARIO!F17/100)^(1/2) -> 1.8056979e-06 | L17: =743*(GSCENARIO!H17/GSCENARIO!D17)^(1/2) -> 7.43 | M17: =LOG(L17/(GSCENARIO!D17)^(-1/3)) -> 3.8709888 | N17: =41900000*GSCENARIO!H17^(1/2) -> 1.3249943e+10 | O17: =979000*(GSCENARIO!F17/100)^(1/2) -> 36103736 | P17: =218000000000*0.3*(100*GSCENARIO!B17)^(-1/2) -> 292477.69 | Q17: =0.0000000000403*GSCENARIO!D17*GSCENARIO!H17/(0.3)^2 -> 44777.778 | R17: =N17/J17 -> 1.999434e+13 | S17: =O17/K17 -> 1.999434e+13 | T17: =(1/3)*S17*O17 -> 2.4062345e+20 | U17: =(F17^2)*K17 -> 283.88459 | V17: =(200000000)*(10000000)/T17 -> 8.3117417e-06 | W17: =(200000000)*(10000000)/U17 -> 7.0451164e+12
B19: assumes A=Z=100 | J19: neutral density * sigma * electron thermal speed | L19: calculated based on electrons | Q19: used electron temps | U19: =1/0.000927 -> 1078.7487
B20: B = 0.3 G | C20: =30000000000/C17 -> 79659.05 | E20: =30000000000/E17 -> 16.820626 | K20: neutral density * sigma * ion thermal speed

Sheet Sheet3
A1: 3.89e-12 | B1: 2.01e-06 | C1: 16.3044 | E1: r | F1: u | G1: r2u | H1: du | I1: dr
A2: =table2/(C1)*1000*6.022E+23 -> 1.4367643e+14 | E2: 10 | F2: 3.2 | G2: =E2^2*F2 -> 320 | H2: 0 | I2: =0 -> 0 | J2: =H2/I2 -> #DIV/0!
A3: =A2*(0.01)^3 -> 1.4367643e+08 | E3: 300 | F3: 1 | G3: =E3^2*F3 -> 90000 | H3: =G3-G2 -> 89680 | I3: =E3-E2 -> 290 | J3: =H3/I3 -> 309.24138
E4: 1000 | F4: 0.32 | G4: =E4^2*F4 -> 320000 | H4: =G4-G3 -> 230000 | I4: =E4-E3 -> 700 | J4: =H4/I4 -> 328.57143
E5: 2000 | F5: 1 | G5: =E5^2*F5 -> 4000000 | H5: =G5-G4 -> 3680000 | I5: =E5-E4 -> 1000 | J5: =H5/I5 -> 3680
B23: kg | C23: kg
B24: m3 | C24: kmol
